{"appName":"Unlimited Gmail Api","appIconPath":"InShot_20260209_092032058.png","splashPath":"InShot_20260209_092032058.png","packageName":"com.mycomapny.mywebapp","versionName":"1.0.0","versionCode":1,"isFullscreen":true,"isHideTitleBar":true,"titleBarBackgroundColor":"#3F51B5","isAllowLongClick":true,"isShowLoadingUI":true,"isAllowZoom":true,"isPCMode":true,"isAllowAutoplay":true,"homePage":"index.html","withPHPEnv":false,"PHPPort":57249,"isAllowSwipeRefresh":true,"isAllowCamera":true,"isAllowMicrophone":true,"screenRotationMethod":0}